{
  "train": {
    "rmse": 0.26392925391499283,
    "mae": 0.20272748538011695,
    "r2": 0.9105944930148754
  },
  "val": {
    "rmse": 0.7034212134338657,
    "mae": 0.5465543859649123,
    "r2": 0.40854463128375196
  },
  "test": {
    "rmse": 0.6938433233972704,
    "mae": 0.5134103641456582,
    "r2": 0.32820573594140057
  },
  "params": {
    "n_estimators": 300,
    "max_depth": null,
    "min_samples_leaf": 1,
    "seed": 42
  }
}