{
  "train": {
    "rmse": 2929.7859591168403,
    "mae": 1554.6080342477048,
    "r2": 0.9402705202394592
  },
  "val": {
    "rmse": 4307.744045260216,
    "mae": 2667.939357049184,
    "r2": 0.8655525393795234
  },
  "test": {
    "rmse": 3880.13521711071,
    "mae": 2352.0283173532302,
    "r2": 0.9069901300502773
  },
  "params": {
    "n_estimators": 50,
    "max_depth": 8,
    "min_samples_leaf": 2,
    "seed": 42
  }
}