{
  "auc": 0.6850769421890379,
  "acc": 0.6443850267379679,
  "n_train": 4485,
  "n_test": 1122
}