{
  "auc": 0.8532640199306867,
  "acc": 0.7491228070175439,
  "n_train": 2280,
  "n_test": 570
}