{
  "train": {
    "rmse": 1925.460947095614,
    "mae": 1049.3763044351074,
    "r2": 0.9742019800373359
  },
  "val": {
    "rmse": 4415.92680202129,
    "mae": 2699.3116420420556,
    "r2": 0.8587148378856936
  },
  "test": {
    "rmse": 3905.3372608858763,
    "mae": 2403.79134088536,
    "r2": 0.9057779809269692
  }
}